{"cameraMode":{"drawMode":0,"name":"Shaded","section":"Shading Mode"},"sceneLighting":false,"audioPlay":false,"sceneViewState":{"m_AlwaysRefresh":false,"showFog":true,"showSkybox":false,"showFlares":true,"showImageEffects":true,"showParticleSystems":true,"showVisualEffectGraphs":true,"m_FxEnabled":true},"in2DMode":false,"pivot":{"x":1.7170000076293946,"y":0.18606452643871308,"z":1.715000033378601},"rotation":{"x":0.06478247046470642,"y":-0.1914501041173935,"z":0.014294018968939782,"w":0.9801755547523499},"size":0.20174114406108857,"orthographic":false}