{"cameraMode":{"drawMode":0,"name":"Shaded","section":"Shading Mode"},"sceneLighting":false,"audioPlay":false,"sceneViewState":{"m_AlwaysRefresh":false,"showFog":true,"showSkybox":false,"showFlares":true,"showImageEffects":true,"showParticleSystems":true,"showVisualEffectGraphs":true,"m_FxEnabled":true},"in2DMode":false,"pivot":{"x":1.3241357803344727,"y":-0.6063766479492188,"z":0.4014625549316406},"rotation":{"x":0.01940922997891903,"y":0.9648271799087524,"z":-0.2578727900981903,"w":0.06469177454710007},"size":5.196152210235596,"orthographic":false}