{"cameraMode":{"drawMode":0,"name":"Shaded","section":"Shading Mode"},"sceneLighting":false,"audioPlay":false,"sceneViewState":{"m_AlwaysRefresh":false,"showFog":false,"showSkybox":false,"showFlares":false,"showImageEffects":false,"showParticleSystems":false,"showVisualEffectGraphs":true,"m_FxEnabled":true},"in2DMode":false,"pivot":{"x":0.012008517980575562,"y":0.7001112699508667,"z":-0.0038218796253204347},"rotation":{"x":0.0010991148883476854,"y":0.9610196352005005,"z":0.004044600762426853,"w":-0.2768761217594147},"size":0.9451888203620911,"orthographic":false}