{"cameraMode":{"drawMode":0,"name":"Shaded","section":"Shading Mode"},"sceneLighting":false,"audioPlay":false,"sceneViewState":{"m_AlwaysRefresh":false,"showFog":true,"showSkybox":false,"showFlares":true,"showImageEffects":true,"showParticleSystems":true,"showVisualEffectGraphs":true,"m_FxEnabled":true},"in2DMode":false,"pivot":{"x":2.610560894012451,"y":1.8033130168914796,"z":2.523329973220825},"rotation":{"x":-0.036274392157793048,"y":-0.9615669250488281,"z":0.14535406231880189,"w":-0.2319294661283493},"size":0.08660245686769486,"orthographic":false}